composition_id,CaO_wt_pct,SiO2_wt_pct,Al2O3_wt_pct,MgO_wt_pct,FeO_wt_pct,status,liquidus_temperature_K,primary_phase_family,basicity_CaO_SiO2
CMP-8e8c566301dd941c,36.824126,28.326251,14.147466,10.702157,10.000000,ok,1692.257812,SPINEL,1.300000
CMP-c92146fb3b4561df,34.261726,26.355174,14.652902,9.730198,15.000000,ok,1678.039062,SPINEL,1.300000
CMP-d8a40950d6d4648d,39.364799,30.280614,10.867806,14.486781,5.000000,ok,1698.820312,MERWINITE,1.300000
CMP-4cf8986c6210389a,36.285669,27.912053,9.285452,6.516826,20.000000,ok,1623.351562,CA2SIO4,1.300000
CMP-e55a28effb95c0fd,25.967636,19.975104,22.928831,11.128429,20.000000,above_range,,SPINEL,1.300000
CMP-617395966386e0ee,30.362726,23.355943,13.880568,12.400764,20.000000,ok,1740.382812,MONOXIDE,1.300000
CMP-02ac161c8c59beb0,37.338266,28.721743,24.056774,4.883218,5.000000,ok,1777.023438,SPINEL,1.300000
CMP-16a7eb41960799c3,37.347739,28.729030,19.943357,8.979874,5.000000,ok,1785.226562,SPINEL,1.300000
CMP-0ef833ee2606e123,30.385379,23.373368,17.548002,8.693251,20.000000,ok,1718.507812,SPINEL,1.300000
CMP-9d0bc23bb0bd20ce,38.685807,29.758313,15.613891,0.941989,15.000000,ok,1663.820312,MELILITE,1.300000
CMP-52854cb41bdb17b2,36.844108,28.341622,22.929675,1.884596,10.000000,ok,1734.367188,MELILITE,1.300000
CMP-a124f4fcf0516530,44.624187,34.326298,9.602037,1.447478,10.000000,ok,1681.320312,CA2SIO4,1.300000
CMP-089185c2093f097d,36.882011,28.370778,11.027077,3.720134,20.000000,ok,1597.648438,CA2SIO4,1.300000
CMP-76dfda1ba6288a56,32.962572,25.355825,11.447002,10.234601,20.000000,ok,1655.617188,MONOXIDE,1.300000
CMP-1d01166e40048fe0,37.010480,28.469600,19.090149,10.429771,5.000000,ok,1785.773438,SPINEL,1.300000
CMP-f338ee9ec2ba0bdd,32.822736,25.248259,21.597728,10.331277,10.000000,above_range,,SPINEL,1.300000
CMP-af2fe6a6a970d69a,31.535213,24.257856,19.706287,14.500644,10.000000,above_range,,SPINEL,1.300000
CMP-cd36e238ccfe1953,35.620454,27.400350,15.073986,1.905210,20.000000,ok,1627.179688,MELILITE,1.300000
CMP-4b41e3246d3b9a71,34.183243,26.294803,16.632786,12.889168,10.000000,ok,1750.226562,SPINEL,1.300000
CMP-a50d76c927c17fc2,30.171755,23.209042,19.689148,11.930056,15.000000,ok,1786.867188,SPINEL,1.300000
CMP-34dfd4e0a996f34b,41.864513,32.203471,16.532508,4.399508,5.000000,ok,1720.695312,MELILITE,1.300000
CMP-1d6ffa57b31810dd,41.878503,32.214233,9.117633,1.789630,15.000000,ok,1657.257812,CA2SIO4,1.300000
CMP-144bd915e7fd1ef9,35.098138,26.998568,18.160649,4.742646,15.000000,ok,1682.414062,SPINEL,1.300000
CMP-aefd8beac80cf836,34.390610,26.454316,20.174299,3.980775,15.000000,ok,1694.992188,SPINEL,1.300000
CMP-0d7aeda485ac0d07,31.186149,23.989345,19.558932,5.265574,20.000000,ok,1709.210938,SPINEL,1.300000
CMP-12c2d73b4f604f0f,40.899778,31.461368,15.530052,7.108802,5.000000,ok,1702.101562,MELILITE,1.300000
CMP-536725ba9fa26088,24.046959,18.497661,23.866515,13.588866,20.000000,above_range,,SPINEL,1.300000
CMP-342298986a5f898e,44.893891,34.533762,12.816418,2.755929,5.000000,ok,1684.601562,MELILITE,1.300000
CMP-80599aa6b6a42ada,34.403872,26.464517,11.893568,12.238044,15.000000,ok,1667.101562,MONOXIDE,1.300000
CMP-e66a881089165bf1,38.617202,29.705540,10.541769,6.135488,15.000000,ok,1626.085938,CA2SIO4,1.300000
CMP-fad6581adc11fb91,29.440499,22.646537,24.242080,8.670884,15.000000,above_range,,SPINEL,1.300000
CMP-4ba353448e265a3a,38.591663,29.685894,15.834207,5.888236,10.000000,ok,1676.945312,MELILITE,1.300000
CMP-62f400ecffd98616,27.068205,20.821696,22.752216,14.357883,15.000000,above_range,,SPINEL,1.300000
CMP-30d687c0787414f9,32.380163,24.907817,21.271917,1.440103,20.000000,ok,1667.101562,MELILITE,1.300000
CMP-9a1c83ba251c5ef3,39.678235,30.521719,13.382061,11.417985,5.000000,ok,1700.460938,SPINEL,1.300000
CMP-0956bc5dcb1e2fde,40.517685,31.167450,22.338968,0.975897,5.000000,ok,1769.367188,MELILITE,1.300000
CMP-1b12b295806101d9,32.721051,25.170039,24.101067,8.007843,10.000000,above_range,,SPINEL,1.300000
CMP-ced1b6043d1c1c4d,41.354978,31.811522,8.923206,12.910294,5.000000,ok,1715.773438,MERWINITE,1.300000
CMP-e2c7fbd2b114d928,40.466492,31.128071,12.027899,6.377539,10.000000,ok,1634.835938,MELILITE,1.300000
CMP-0a4e413c246056b2,42.511365,32.701050,10.896499,3.891087,10.000000,ok,1651.789062,CA2SIO4,1.300000
CMP-02dbd0934c2afec2,27.723524,21.325787,24.568926,6.381763,20.000000,ok,1802.726562,SPINEL,1.300000
CMP-5047a8a82781686b,27.015420,20.781093,18.984097,13.219390,20.000000,ok,1767.179688,SPINEL,1.300000
CMP-0849322741afe7b2,29.076164,22.366280,21.378848,7.178708,20.000000,ok,1768.273438,SPINEL,1.300000
CMP-e13b34d23e2b6cd0,33.244606,25.572774,24.634342,1.548279,15.000000,ok,1705.382812,MELILITE,1.300000
CMP-bd44fec937b73daa,31.785983,24.450756,21.140157,7.623105,15.000000,ok,1773.742188,SPINEL,1.300000
CMP-c4733d3fe64c5a13,30.610292,23.546379,17.164215,13.679114,15.000000,ok,1744.757812,SPINEL,1.300000
CMP-04a5757787cbaea3,31.541517,24.262705,24.717432,14.478346,5.000000,above_range,,SPINEL,1.300000
CMP-3b80cf81b78fe1d3,35.283863,27.141433,12.575508,14.999197,10.000000,ok,1716.320312,MONOXIDE,1.300000
CMP-42efba5ed423b35b,33.388624,25.683557,21.209609,14.718209,5.000000,above_range,,SPINEL,1.300000
CMP-977ac8cbe1e014ec,36.525356,28.096427,20.142577,5.235640,10.000000,ok,1729.992188,SPINEL,1.300000
CMP-d9e77eaac4de177b,33.447342,25.728725,18.522384,12.301549,10.000000,ok,1779.757812,SPINEL,1.300000
CMP-4ed5738343291129,33.896027,26.073867,24.851593,10.178512,5.000000,above_range,,SPINEL,1.300000
CMP-719c4494e7da18a5,27.462319,21.124860,22.231300,9.181521,20.000000,above_range,,SPINEL,1.300000
CMP-75d55b89bc76de14,27.220473,20.938825,20.446462,11.394241,20.000000,ok,1789.054688,SPINEL,1.300000
CMP-0a059afd330ea9ef,29.989103,23.068541,23.534915,3.407442,20.000000,ok,1722.335938,SPINEL,1.300000
CMP-beb91a755e2bfdb3,26.701122,20.539325,24.652039,8.107514,20.000000,above_range,,SPINEL,1.300000
CMP-2a2055bc92169621,26.977284,20.751757,17.950138,14.320822,20.000000,ok,1784.679688,MONOXIDE,1.300000
CMP-b3d16ab6faa292b9,36.599669,28.153592,16.162351,14.084388,5.000000,ok,1762.804688,SPINEL,1.300000
CMP-f71cf71675bb62bd,31.691081,24.377755,23.020219,5.910945,15.000000,ok,1775.382812,SPINEL,1.300000
CMP-5b24d521ee2cdfd0,35.779293,27.522533,18.482095,8.216079,10.000000,ok,1748.585938,SPINEL,1.300000
CMP-6228eb87c95860c6,34.252562,26.348125,24.128473,5.270840,10.000000,ok,1783.039062,SPINEL,1.300000
CMP-d4de3950460ef197,28.929947,22.253805,21.563608,12.252640,15.000000,above_range,,SPINEL,1.300000
CMP-9c3e55985de78509,38.059086,29.276220,24.728990,2.935705,5.000000,ok,1772.101562,MELILITE,1.300000
CMP-db4e0dbf79022880,34.854783,26.811372,8.659208,14.674637,15.000000,above_range,,MONOXIDE,1.300000
CMP-02ed5f7eeedbd13d,39.306428,30.235714,10.700171,14.757688,5.000000,ok,1701.554688,MERWINITE,1.300000
CMP-24e8493673ff4099,39.072590,30.055838,11.261221,14.610351,5.000000,ok,1694.445312,MERWINITE,1.300000
CMP-6356838a9a842347,41.764179,32.126292,8.853069,12.256460,5.000000,ok,1713.585938,MERWINITE,1.300000
CMP-ad8377fca249eed6,42.529926,32.715327,8.422911,11.331836,5.000000,ok,1713.585938,MERWINITE,1.300000
CMP-8ca96c513453a781,41.509896,31.930689,8.541000,13.018415,5.000000,ok,1721.242188,MERWINITE,1.300000
CMP-46e8283531fbdc20,39.734554,30.565042,8.053945,11.646459,10.000000,ok,1702.101562,MERWINITE,1.300000
CMP-12f6330868a1839a,31.971599,24.593538,8.637673,14.797190,20.000000,above_range,,MONOXIDE,1.300000
CMP-cdfdc217e72ab8be,32.130685,24.715911,24.631273,3.522132,15.000000,ok,1741.476562,SPINEL,1.300000
CMP-06c4eb9474b5eeee,37.374013,27.992276,14.445725,4.934204,15.253782,ok,1636.476562,MELILITE,1.335154
CMP-6a2646afe2dac51a,38.888096,29.926844,11.658552,0.585598,18.940910,ok,1601.476562,CA2SIO4,1.299439
CMP-f28de75f52d3e701,38.910444,28.530221,10.942716,13.804420,7.812200,ok,1696.632812,MONOXIDE,1.363833
CMP-7275e052c571577e,36.984871,27.016782,22.240077,2.684971,11.073298,ok,1730.539062,MELILITE,1.368959
CMP-beaea5dcb9382c8e,27.564512,27.355832,18.581501,12.979660,13.518495,ok,1785.773438,SPINEL,1.007628
CMP-8ffc01cada8c4887,33.741027,26.883839,19.849244,4.000775,15.525115,ok,1693.351562,SPINEL,1.255067
CMP-4d81e9df489888d9,37.086247,26.918967,19.674285,7.237499,9.083002,ok,1752.960938,SPINEL,1.377699
CMP-1d2bbbc17285f912,40.771557,35.071103,16.586776,2.008272,5.562293,ok,1686.789062,MELILITE,1.162540
CMP-ee18ff468d1cb4c7,34.425516,23.162534,22.680573,8.526970,11.204407,ok,1793.429688,SPINEL,1.486259
CMP-c468176f098f5fc8,41.528333,33.725416,13.463968,5.225020,6.057263,ok,1671.476562,MELILITE,1.231366
CMP-52a227af9d8e2b00,38.065521,34.534870,18.028350,2.323114,7.048144,ok,1674.757812,MELILITE,1.102234
CMP-0ecbb6381c44c830,36.391211,29.896946,10.680838,11.347056,11.683948,ok,1645.773438,MERWINITE,1.217222
CMP-36c6814b082faf80,36.364718,25.980103,11.689209,8.295212,17.670759,ok,1635.929688,CA2SIO4,1.399714
CMP-be867c51ac5701e9,41.489047,30.971982,8.548943,5.069481,13.920548,ok,1690.617188,CA2SIO4,1.339567
CMP-49313327410ee3f4,35.738455,24.980417,20.701919,6.685890,11.893320,ok,1749.679688,SPINEL,1.430659
CMP-9c6f569dd482cb27,34.103303,29.027786,19.300553,5.351714,12.216645,ok,1720.148438,SPINEL,1.174850
CMP-044de4579535061e,30.280483,20.296194,19.134530,14.504841,15.783952,above_range,,MONOXIDE,1.491929
CMP-977ffeaea0e6f045,36.362477,25.690988,24.699742,0.832304,12.414489,ok,1742.570312,MELILITE,1.415379
CMP-6951f870d6a0789a,35.955500,35.384273,12.141462,10.756518,5.762248,ok,1627.726562,MELILITE,1.016144
CMP-883dd6949d453a25,36.724908,24.648086,17.066589,3.191720,18.368697,ok,1657.257812,MELILITE,1.489970
CMP-7b3c8c8ec9d70d18,36.145510,32.733334,11.147870,1.111616,18.861670,ok,1551.164062,MELILITE,1.104242
CMP-7336abdc0d4a4b07,39.996443,32.932178,16.330112,3.781140,6.960127,ok,1692.804688,MELILITE,1.214510
CMP-62dfe7a46a631b00,27.880052,26.952283,17.700857,13.003420,14.463388,ok,1771.554688,SPINEL,1.034423
CMP-a4d6f24f39b52a0e,26.849277,23.531605,24.490718,9.126860,16.001541,above_range,,SPINEL,1.140988
CMP-4cd06d793361e5d5,26.760497,22.136124,23.864973,12.083722,15.154684,above_range,,SPINEL,1.208906
CMP-34f21a4f66cfb0ee,35.665725,26.424858,21.741179,9.869563,6.298674,above_range,,SPINEL,1.349704
CMP-7b804536ed353eed,41.466905,28.199810,15.101622,1.919053,13.312611,ok,1680.226562,MELILITE,1.470467
CMP-e3557d01f9a4f6b9,26.877345,25.877857,18.274560,13.223849,15.746389,ok,1783.039062,SPINEL,1.038623
CMP-427063eb6127fa01,36.080461,26.062429,13.066553,6.754034,18.036523,ok,1609.679688,CA2SIO4,1.384386
CMP-cded31a241cc798a,30.528366,28.677033,13.899060,9.301299,17.594242,ok,1663.820312,SPINEL,1.064558
CMP-d2c1042177df0fa7,44.042668,35.436300,8.973195,2.550140,8.997697,ok,1651.242188,CA2SIO4,1.242869
CMP-ed34e6ed94c8b0d6,32.370959,32.353615,14.830375,3.529165,16.915886,ok,1582.882812,SPINEL,1.000536
CMP-075fd124734b757e,33.396590,24.869838,19.028153,3.297894,19.407524,ok,1656.710938,MELILITE,1.342855
CMP-411b9921c655ef6a,34.207609,32.537439,15.752458,1.251440,16.251054,ok,1598.742188,MELILITE,1.051331
CMP-4fd5bf596b82020f,30.269180,24.762218,20.348525,14.795679,9.824399,above_range,,SPINEL,1.222394
CMP-1ae84ff28bb95842,32.799032,26.161064,19.371963,8.015302,13.652639,ok,1756.242188,SPINEL,1.253735
CMP-bdf9e0058ec1d4bd,39.197936,27.979999,12.294491,7.650492,12.877081,ok,1658.898438,CA2SIO4,1.400927
CMP-b5833747d3568199,36.715474,24.910021,17.887990,0.494143,19.992371,ok,1673.664062,MELILITE,1.473924
CMP-7d4509a22abc18f6,27.099144,25.025518,19.533486,14.024263,14.317589,above_range,,SPINEL,1.082860
CMP-3a1b0c50d26d13f2,33.928974,32.099662,23.150658,0.910263,9.910443,ok,1675.851562,MELILITE,1.056989
CMP-89e6bfd89c39c1a2,40.472497,31.808320,9.584753,5.436596,12.697834,ok,1634.835938,CA2SIO4,1.272387
CMP-574c518ea403632e,34.714033,30.334111,9.526194,11.966083,13.459578,ok,1634.289062,MERWINITE,1.144389
CMP-43a08471a48a9d86,32.462850,23.494699,16.811433,14.730520,12.500498,ok,1745.304688,MONOXIDE,1.381710
CMP-be502f43e14e83da,33.296104,29.489461,18.149354,0.013810,19.051271,ok,1629.367188,MELILITE,1.129085
CMP-e2ce674f730ee44b,30.179269,22.922129,23.570548,12.850269,10.477786,above_range,,SPINEL,1.316600
CMP-8561b33df468679b,39.081157,27.002389,15.474193,11.044097,7.398164,ok,1716.867188,SPINEL,1.447322
CMP-384a27a22883ce9f,38.081520,29.617602,10.472645,9.039842,12.788390,ok,1645.773438,MERWINITE,1.285773
CMP-1500542e200cfb7e,29.768748,23.886101,17.545721,12.190183,16.609246,ok,1751.867188,SPINEL,1.246279
CMP-eeacb936079224c4,35.816221,24.850373,12.640958,13.444307,13.248141,above_range,,MONOXIDE,1.441275
CMP-5c427fcb76114229,40.302668,34.450123,14.185272,5.758435,5.303502,ok,1668.742188,MELILITE,1.169885
CMP-f2a4df337d013458,29.913601,23.360179,24.179231,10.544991,12.001998,above_range,,SPINEL,1.280538
CMP-d13c7304e846c911,35.574211,30.180203,11.011066,7.805360,15.429159,ok,1596.554688,MERWINITE,1.178727
CMP-64121308586f08da,35.133279,30.381170,13.179845,3.974694,17.331012,ok,1590.539062,MELILITE,1.156416
CMP-c18c355117234d1c,43.933559,30.287883,14.787336,2.134699,8.856523,ok,1704.835938,MELILITE,1.450532
CMP-4d355c9fbd94ec16,33.157114,30.928703,24.838269,1.624846,9.451067,ok,1687.882812,MELILITE,1.072050
CMP-9985130375dbd580,32.688915,31.806566,18.349090,11.692966,5.462463,ok,1766.632812,SPINEL,1.027741
CMP-2dcd0750d9db40f6,41.059014,32.362996,8.169348,3.420754,14.987889,ok,1646.867188,CA2SIO4,1.268702
CMP-9bfbdc8a195f9a78,32.730282,23.474300,13.773073,13.251346,16.771000,ok,1798.898438,MONOXIDE,1.394303
CMP-43ee99d506b3d9d4,32.047249,29.563050,17.386918,10.988485,10.014297,ok,1753.507812,SPINEL,1.084031
CMP-bb57b873dd5ac7ad,38.820481,30.087298,13.303751,7.491620,10.296851,ok,1648.507812,SPINEL,1.290261
CMP-12bcf71b656fd610,36.203068,24.744379,24.118799,6.449987,8.483767,ok,1791.789062,SPINEL,1.463083
CMP-0f57825bf46b2768,42.056428,29.544538,17.249807,6.144518,5.004709,ok,1730.539062,MELILITE,1.423492
CMP-8408d74bd03a42d2,33.755659,24.562927,20.217495,2.766103,18.697816,ok,1673.664062,MELILITE,1.374252
CMP-0b83b97bcddc3cb5,34.216403,32.247351,9.994177,7.545891,15.996179,ok,1585.617188,OLIVINE,1.061061
CMP-200a853934025f5c,35.982931,26.520302,21.321855,10.036695,6.138217,above_range,,SPINEL,1.356807
CMP-ac30729844e894be,46.342172,31.733102,10.395527,0.143632,11.385567,ok,1762.804688,CA2SIO4,1.460373
CMP-2870732a9a176e1d,32.186610,26.806391,11.479739,11.529129,17.998131,ok,1606.945312,MERWINITE,1.200707
CMP-dfc09aa29d53c810,23.922565,23.510928,20.100382,14.996802,17.469323,above_range,,SPINEL,1.017508
CMP-1a6b9af733ed09bd,32.217415,31.545575,16.418526,14.154335,5.664148,ok,1750.226562,SPINEL,1.021297
CMP-05aa407c084720e0,27.795991,25.029088,22.910872,13.589427,10.674622,above_range,,SPINEL,1.110548
CMP-eb51ae687ec9d55c,29.211873,24.257062,15.602822,12.691972,18.236271,ok,1713.585938,SPINEL,1.204263
CMP-14eb17a13ea8b15f,36.652781,32.701989,8.681196,13.886980,8.077053,ok,1665.460938,MERWINITE,1.120812
CMP-2d8f659aba72aa18,37.888872,26.247454,22.118467,6.522628,7.222580,ok,1773.742188,SPINEL,1.443526
CMP-4ed1595f881bf96c,33.774652,28.424413,21.915622,9.493521,6.391793,above_range,,SPINEL,1.188227
CMP-b81156a417d358fa,36.451905,27.948562,9.358603,14.401802,11.839129,ok,1798.351562,MONOXIDE,1.304250
CMP-3d0dd3dfab63f907,38.834827,35.370592,8.352670,8.845584,8.596327,ok,1633.195312,MERWINITE,1.097941
CMP-0633b0c61b5f09ea,40.504605,32.707010,9.234270,5.932485,11.621629,ok,1622.804688,MERWINITE,1.238407
CMP-602a500a81bfcc3a,25.846036,23.985372,21.006413,12.456839,16.705340,above_range,,SPINEL,1.077575
CMP-ecd1c6fc4bc8d14f,32.327751,28.113313,15.840784,4.482134,19.236018,ok,1637.023438,SPINEL,1.149909
CMP-184abf28b2ace7b7,32.286819,24.299943,22.553082,10.272011,10.588145,above_range,,SPINEL,1.328679
CMP-a39baaa54f2e2604,34.934216,26.221632,16.125610,4.853195,17.865347,ok,1640.851562,SPINEL,1.332267
CMP-f26e228fac57a059,32.686425,24.030241,20.751272,12.341519,10.190543,above_range,,SPINEL,1.360220
CMP-fc3f5b65c9c6489b,28.876277,27.947355,23.188753,1.497535,18.490080,ok,1659.992188,SPINEL,1.033238
CMP-0cd58e5dd669ccbf,41.742346,32.084917,8.841232,10.465802,6.865702,ok,1697.179688,MERWINITE,1.300996
CMP-4ec76b8902473241,40.465215,37.155283,10.165576,1.225763,10.988163,ok,1546.789062,MELILITE,1.089084
CMP-993fa42067d123f8,32.522655,23.093882,15.261806,14.342075,14.779582,above_range,,MONOXIDE,1.408280
CMP-20d905d34d1fd54d,38.445850,25.992650,11.393711,10.165449,14.002339,ok,1688.429688,CA2SIO4,1.479105
CMP-c0be5895959f6e7f,40.581281,34.306394,12.484786,1.823226,10.804313,ok,1622.257812,MELILITE,1.182907
CMP-5b0bb89eea526ac8,34.249969,30.544167,11.947127,8.728925,14.529812,ok,1616.789062,SPINEL,1.121326
CMP-ff57e953dfdd84fb,42.170392,33.042293,9.934384,5.613679,9.239252,ok,1647.960938,CA2SIO4,1.276255
CMP-cd009a1f037bdb54,37.083041,28.056238,21.583128,7.290852,5.986741,ok,1786.320312,SPINEL,1.321740
CMP-fe5fc1e889415483,35.890204,28.405757,23.868314,4.205118,7.630607,ok,1758.429688,SPINEL,1.263483
CMP-964b2f88ad6614b6,33.417687,30.001076,23.391528,5.688811,7.500898,ok,1786.867188,SPINEL,1.113883
CMP-2345fb2d7cace285,43.970852,32.521734,12.729924,4.265772,6.511719,ok,1681.867188,MELILITE,1.352045
CMP-738db40d61b49f6a,26.793044,23.055189,23.657935,7.892688,18.601145,above_range,,SPINEL,1.162126
CMP-fb9b7115671e5e0a,29.123883,25.684534,18.815107,9.901314,16.475163,ok,1767.726562,SPINEL,1.133907
CMP-f89d9b4e30e27761,39.158458,29.871856,16.743244,6.067675,8.158767,ok,1696.632812,SPINEL,1.310881
CMP-26dad59511cacc74,27.820323,24.632605,14.052017,13.714689,19.780365,ok,1683.507812,SPINEL,1.129411
CMP-2954bb138e147812,38.224810,26.653700,9.080987,11.827504,14.212999,above_range,,MONOXIDE,1.434128
CMP-607a2bce0c7159a5,25.594764,21.366352,22.751025,10.675787,19.612073,above_range,,SPINEL,1.197901
CMP-d9bce22424e31bca,32.758477,22.513049,18.697546,8.970361,17.060567,ok,1728.898438,SPINEL,1.455088
CMP-c71dd6933710efc5,29.623747,25.716505,20.034094,9.562358,15.063296,ok,1784.679688,SPINEL,1.151935
CMP-c23c779855d5a882,30.026118,21.609724,24.390626,4.699457,19.274075,ok,1759.523438,SPINEL,1.389473
CMP-487ace41265d257f,41.868068,33.903677,14.540011,2.942533,6.745711,ok,1681.320312,MELILITE,1.234912
CMP-962e261578377464,38.045082,25.687973,16.008876,3.050300,17.207769,ok,1656.164062,MELILITE,1.481047
CMP-70c3fff6eb8399a6,37.997844,36.276195,13.562562,6.946023,5.217376,ok,1628.820312,MELILITE,1.047459
CMP-81be8fda023a2d03,35.451336,33.927378,15.038343,1.733029,13.849914,ok,1597.648438,MELILITE,1.044918
CMP-4fb768a9ff8004c6,25.258270,21.308724,21.277623,12.501482,19.653901,above_range,,SPINEL,1.185349
CMP-60097d39678689b6,32.710507,27.392143,17.177265,9.632957,13.087128,ok,1738.742188,SPINEL,1.194157
CMP-a6d21eaec53ee11f,28.372917,23.092642,21.169778,11.230064,16.134599,above_range,,SPINEL,1.228656
CMP-a0112a300df14b38,40.552032,30.716537,14.372252,6.373057,7.986122,ok,1677.492188,MELILITE,1.320202
CMP-9d51bd951070414f,41.955779,27.987500,22.429595,0.331474,7.295651,ok,1779.757812,MELILITE,1.499090
CMP-78c12c5bda09ae9f,41.404451,29.398380,9.791267,8.136901,11.269000,ok,1716.320312,CA2SIO4,1.408392
CMP-23bfa8c5f0369646,37.713820,26.406994,21.830762,4.519292,9.529132,ok,1734.914062,MELILITE,1.428175
CMP-12db9481dd2faccf,36.522086,34.236938,10.787671,3.736944,14.716361,ok,1547.882812,MELILITE,1.066745
CMP-ea1a0709d74033b5,35.223065,34.811373,20.541761,0.744875,8.678926,ok,1648.507812,MELILITE,1.011826
CMP-5f3b69c222214017,41.820740,32.375243,8.073689,8.459687,9.270642,ok,1684.054688,CA2SIO4,1.291751
CMP-49b47208b2b8cea5,37.758992,34.560529,12.901888,2.422110,12.356481,ok,1593.820312,MELILITE,1.092547
CMP-d20c4df1c182ac41,41.779174,29.407794,12.065170,7.106136,9.641726,ok,1690.617188,CA2SIO4,1.420684
CMP-9f7d8cc411ae14fd,34.572098,32.488102,8.748637,8.033634,16.157529,ok,1598.742188,OLIVINE,1.064146
CMP-39543c31248b6d77,33.795918,31.643481,9.079288,8.440763,17.040550,ok,1598.742188,OLIVINE,1.068022
CMP-fc76d4fa5fb13dfa,32.597616,31.669205,10.637624,8.234537,16.861017,ok,1583.429688,OLIVINE,1.029316
CMP-e1e1e74530bb3239,33.081324,32.445513,9.147146,8.308039,17.017978,ok,1593.273438,OLIVINE,1.019596
CMP-4ac8ad6a67676925,34.225340,31.619147,10.698191,6.821317,16.636005,ok,1574.132812,OLIVINE,1.082424
CMP-9e2cdf455edb1db3,33.365326,31.332585,11.764577,7.397424,16.140088,ok,1592.179688,SPINEL,1.064876
CMP-d74cf765fe3e6c5e,30.648312,20.443437,16.516666,12.943192,19.448393,above_range,,MONOXIDE,1.499176
CMP-1f38db88dd171025,34.832145,23.755225,9.529311,12.163749,19.719570,above_range,,MONOXIDE,1.466294
CMP-bc2e905b3f8d348d,30.252856,28.435656,8.459434,13.556701,19.295353,ok,1663.273438,MONOXIDE,1.063906
CMP-1b5f26f250b2448d,28.279068,19.013044,24.996522,8.929463,18.781902,above_range,,SPINEL,1.487351
CMP-9d080067b4adfed8,25.394423,24.246140,23.543417,6.953053,19.862967,above_range,,SPINEL,1.047359
CMP-e57e738e6840f6c6,36.617269,24.450896,18.831548,14.321926,5.778360,ok,1780.851562,SPINEL,1.497584
CMP-063ccd037ff7426e,33.702947,22.719260,13.882730,9.701625,19.993438,ok,1701.554688,MONOXIDE,1.483453
CMP-45bdfc9d75ff0d43,34.698040,23.331217,12.628216,9.583639,19.758887,ok,1715.226562,MONOXIDE,1.487194
CMP-1dfcb00662a352de,33.776306,22.671620,12.387241,11.230137,19.934695,above_range,,MONOXIDE,1.489806
CMP-7892c99d0a8c49bf,33.292784,22.320834,14.666136,11.003368,18.716878,ok,1745.851562,MONOXIDE,1.491556
CMP-0ce08a84c911b324,32.319266,22.004481,16.444097,9.969622,19.262534,ok,1677.492188,SPINEL,1.468758
CMP-aeb5a4b617e2a68b,36.785684,24.851037,8.277937,10.426654,19.658688,above_range,,MONOXIDE,1.480247
CMP-9a5d5f488f30da57,27.826532,27.309694,12.449522,14.703887,17.710366,ok,1659.445312,SPINEL,1.018925
CMP-466b1ea902d0d663,25.569319,25.245722,19.983977,9.387262,19.813720,ok,1786.320312,SPINEL,1.012818
CMP-c2675d9364d65c19,30.605100,20.668007,21.149884,7.650620,19.926389,ok,1751.320312,SPINEL,1.480796
CMP-6305dd1dd0af920d,26.126628,24.842077,24.850662,4.440198,19.740435,ok,1790.695312,SPINEL,1.051709
CMP-4630582c896bb9c4,39.661599,26.759752,13.044412,14.772624,5.761614,ok,1793.976562,MONOXIDE,1.482136
CMP-293aba2efdfa112a,31.507406,30.928940,23.608913,8.382529,5.572212,above_range,,SPINEL,1.018703
CMP-68fa4dd1842f1ef1,40.053203,26.781391,8.520541,4.731276,19.913589,ok,1750.773438,CA2SIO4,1.495561
CMP-78ba206ac3003018,28.386715,27.400055,9.484550,14.761613,19.967067,ok,1711.398438,MONOXIDE,1.036009
CMP-8a485cddb87855f6,36.920040,25.077514,9.635013,8.779193,19.588240,ok,1713.585938,MONOXIDE,1.472237
CMP-eb30e883e5877728,29.696315,19.977130,19.681751,11.062518,19.582286,ok,1747.492188,SPINEL,1.486516
CMP-15b55e88f5826a85,30.682501,30.323981,9.791236,14.803005,14.399278,ok,1627.726562,OLIVINE,1.011823
CMP-51972bc3d4880e80,40.909468,27.299192,8.115421,13.256854,10.419064,above_range,,MONOXIDE,1.498560
CMP-e5158862fc954774,34.188052,26.027600,8.055724,11.895979,19.832646,above_range,,MONOXIDE,1.313531
CMP-e89aae7b802f2475,26.455763,26.451279,21.605762,6.806892,18.680304,ok,1784.679688,SPINEL,1.000170
CMP-ad90ed905728a837,24.221697,23.113458,18.794403,14.302454,19.567988,ok,1795.617188,SPINEL,1.047948
CMP-7914b139c111a883,35.828253,24.073099,16.548951,10.848494,12.701204,ok,1703.195312,SPINEL,1.488311
CMP-e70667adce76c19f,34.739607,23.245768,24.019324,12.748074,5.247227,above_range,,SPINEL,1.494449
CMP-37f9eb77e74ca531,33.367873,32.700286,20.824598,7.868273,5.238970,ok,1766.632812,SPINEL,1.020415
CMP-d4b964f44ebb4626,32.242873,28.606925,8.234810,11.178808,19.736584,ok,1622.804688,OLIVINE,1.127100
CMP-739d383bc3d38386,36.437552,24.447102,10.462063,10.752277,17.901006,ok,1799.992188,MONOXIDE,1.490465
CMP-31f3f5d8dd71b624,37.293712,25.349377,9.025583,9.980475,18.350853,ok,1778.664062,MONOXIDE,1.471188
CMP-f53cfbfd9ae09d67,29.837055,25.690165,10.028764,14.555751,19.888265,above_range,,MONOXIDE,1.161419
CMP-63721c8acbd8a0a4,39.998083,26.744558,11.423709,11.204226,10.629424,ok,1715.773438,CA2SIO4,1.495560
CMP-e8ee062bd4c6ec09,29.708361,21.063846,17.329643,11.960790,19.937361,ok,1728.898438,MONOXIDE,1.410396
CMP-804ac4c13b2cd1cd,34.310891,24.977268,10.328174,10.397437,19.986230,ok,1736.007812,MONOXIDE,1.373685
CMP-65b3c5b5a9fa0d3e,32.388825,23.374314,10.696093,14.825403,18.715366,above_range,,MONOXIDE,1.385659
CMP-b9acdf8003e1df45,30.809381,20.554412,23.659383,6.695021,18.281804,ok,1775.929688,SPINEL,1.498918
CMP-f2cdd037613e133d,23.479402,23.411608,19.923973,13.749775,19.435242,above_range,,SPINEL,1.002896
CMP-81f8cd6a4ca4a030,28.862464,28.270103,19.398117,14.336824,9.132492,above_range,,SPINEL,1.020954
CMP-588ffe16b06b0592,24.946376,24.440115,24.948440,5.789058,19.876011,above_range,,SPINEL,1.020714
CMP-5d082e46465cb017,44.431787,31.007963,16.116615,0.278085,8.165549,ok,1727.257812,MELILITE,1.432915
CMP-512419952de8ffa9,40.685395,28.149551,15.861652,2.735049,12.568353,ok,1687.335938,MELILITE,1.445330
CMP-6eb70b5fe71a329a,42.438360,37.276347,9.342912,0.102446,10.839934,ok,1568.664062,CA2SIO4,1.138480
CMP-73a540d6c34bdf2b,34.886704,28.985203,15.033353,11.862025,9.232715,ok,1722.335938,SPINEL,1.203604
CMP-24ad2bc414746784,28.601223,28.187037,21.402123,8.007372,13.802245,ok,1793.429688,SPINEL,1.014694
CMP-0ea709098692b7db,36.926925,35.718388,12.182369,4.920359,10.251958,error,,NONE,1.033835
CMP-704c16fbf3da9a2c,26.602439,23.991350,24.369139,6.682721,18.354351,above_range,,SPINEL,1.108835
CMP-996416079d035469,43.716685,32.130735,11.527696,0.420555,12.204329,ok,1682.960938,CA2SIO4,1.360588
CMP-396f4a37b6d573ae,38.940355,30.835149,15.977915,2.857297,11.389284,ok,1674.757812,MELILITE,1.262856
CMP-07648328488f041b,36.408861,25.679339,23.664946,0.980637,13.266218,ok,1733.820312,MELILITE,1.417827
CMP-24d906865c05eed2,37.482842,28.131138,17.643230,9.938923,6.803867,ok,1757.335938,SPINEL,1.332432
CMP-42fa469dc15c4051,36.430132,27.625585,22.689854,7.131923,6.122506,ok,1798.351562,SPINEL,1.318710
CMP-41d03444e0275750,36.577578,36.343394,10.252328,9.550685,7.276015,ok,1621.710938,MELILITE,1.006444
CMP-d399efd3a33cd1ee,36.114044,31.071640,8.278137,8.172570,16.363609,ok,1616.789062,MERWINITE,1.162283
CMP-78fb210fe47e8c77,40.687741,33.669390,11.988007,0.865755,12.789107,ok,1614.601562,MELILITE,1.208449
CMP-03b30d20d9ed1d9f,38.217314,27.748566,24.823839,3.339510,5.870771,ok,1773.742188,MELILITE,1.377272
CMP-c3930776d7af4783,32.076396,26.992674,23.364578,7.410991,10.155362,above_range,,SPINEL,1.188337
CMP-3626dec8d9e8cce1,34.812443,24.889206,22.291509,3.969450,14.037393,ok,1715.773438,SPINEL,1.398696
CMP-b955b6ee47253dc8,34.121929,24.014159,17.532518,6.191587,18.139807,ok,1679.679688,SPINEL,1.420909
CMP-0b23bb9ed701c879,30.676059,24.522616,18.683781,10.720130,15.397414,ok,1766.632812,SPINEL,1.250929
CMP-16b66c73840bd7d9,34.535228,28.207466,8.011649,14.820555,14.425102,above_range,,MONOXIDE,1.224329
CMP-28886e6d0ab3cd06,29.422605,26.372941,24.046953,4.864178,15.293324,ok,1783.039062,SPINEL,1.115636
CMP-c9869362a978991f,29.873285,20.430498,19.463165,13.596930,16.636122,ok,1758.429688,MONOXIDE,1.462191
CMP-68c093a27e9efd0e,33.956222,33.094500,19.721898,3.486620,9.740760,error,,NONE,1.026038
CMP-7b025cf7f540b950,37.276935,28.980869,23.820703,1.417298,8.504195,ok,1747.492188,MELILITE,1.286260
CMP-0b80668da15624d1,37.686269,28.028049,17.053864,8.504443,8.727374,ok,1731.085938,SPINEL,1.344591
CMP-76e8790da1e914f6,36.169184,30.570252,13.676258,7.651891,11.932414,ok,1652.882812,SPINEL,1.183150
CMP-37f5b98c02fe9025,32.448358,23.709347,23.157440,13.139453,7.545402,above_range,,SPINEL,1.368589
CMP-e3b976f41556258d,35.593718,27.613978,13.369486,3.880193,19.542624,ok,1598.742188,MELILITE,1.288975
CMP-38a5492f88f88084,40.072943,27.621752,12.486414,5.067022,14.751869,ok,1678.039062,CA2SIO4,1.450775
CMP-f4301ade2bb50dc9,29.524553,23.896037,18.307284,11.753026,16.519100,ok,1765.539062,SPINEL,1.235542
CMP-f0191399d7ced305,38.877465,26.578213,20.479947,6.927470,7.136906,ok,1758.429688,SPINEL,1.462757
CMP-dee3edb885550942,29.439282,25.524717,22.635523,14.182955,8.217522,above_range,,SPINEL,1.153364
CMP-379ab55bfcb52981,25.027395,18.932711,24.245198,12.119126,19.675570,above_range,,SPINEL,1.321913
CMP-6d0aab1f34f9b6d5,31.270417,28.960032,14.681325,8.252072,16.836156,ok,1672.023438,SPINEL,1.079778
CMP-6fb48511d989bd22,41.841868,35.946614,9.727622,4.683629,7.800268,ok,1603.664062,MERWINITE,1.164000
CMP-9a34f434ddbdbfa1,38.110829,27.449488,18.990729,8.909978,6.538977,ok,1767.179688,SPINEL,1.388399
CMP-1e71ad233762e6fb,34.242754,30.998927,12.414700,6.456483,15.887136,ok,1598.195312,SPINEL,1.104643
CMP-456cf71f3c3a8688,30.223130,28.715118,18.484955,7.863835,14.712962,ok,1742.570312,SPINEL,1.052516
CMP-29bd99529ec99e08,31.473113,27.847805,16.512880,12.571997,11.594205,ok,1749.679688,SPINEL,1.130183
CMP-64e9974bdb88e016,31.044603,25.490826,21.245480,9.092813,13.126278,ok,1797.257812,SPINEL,1.217874
CMP-a4f7b5bf733f1d27,37.856450,36.235136,10.829523,9.895838,5.183053,ok,1635.382812,MELILITE,1.044744
CMP-f2f5e123699521fc,32.256493,26.976529,15.285139,6.135209,19.346630,ok,1652.882812,SPINEL,1.195724
CMP-d6f1e1b8fffbdcf1,36.547964,33.789686,13.739140,1.654962,14.268248,ok,1594.367188,MELILITE,1.081631
CMP-54ae226001f81cc0,28.698982,27.581129,21.882122,4.178138,17.659629,ok,1740.929688,SPINEL,1.040530
CMP-2946380f64d9c3fb,28.573059,28.423046,11.251309,12.857314,18.895272,ok,1615.695312,SPINEL,1.005278
CMP-a1aa3db9d4d5c65d,37.209528,34.912292,9.632665,5.302132,12.943383,ok,1566.476562,OLIVINE,1.065800
CMP-812b671033ee8bc6,44.677285,29.950928,15.444037,3.003266,6.924484,ok,1722.335938,MELILITE,1.491683
CMP-907b5c574e35532e,32.467024,23.184757,24.611638,10.263455,9.473125,above_range,,SPINEL,1.400361
CMP-8c401507e349c38e,44.628522,36.379358,11.042427,1.712303,6.237389,ok,1639.210938,CA2SIO4,1.226754
CMP-9dc66f9d51f5ed06,31.626374,23.051730,21.805642,14.483165,9.033089,above_range,,SPINEL,1.371974
CMP-61cb1eb9a414336d,33.454235,28.537997,22.140533,2.304711,13.562524,ok,1681.320312,MELILITE,1.172270
CMP-248638ee809b66f2,32.295111,21.895743,19.554130,10.645980,15.609036,ok,1754.601562,SPINEL,1.474949
CMP-ccb11355c40f5643,31.372192,25.343620,14.944053,10.349668,17.990467,ok,1686.242188,SPINEL,1.237873
CMP-01bd3956b7413c23,32.308556,28.765723,17.310174,9.595027,12.020521,ok,1741.476562,SPINEL,1.123162
CMP-3847bdd3609cd97c,39.732782,36.346913,16.472722,2.078179,5.369404,ok,1659.445312,MELILITE,1.093154
CMP-ca15b204ede634a0,34.871114,27.222058,13.136803,14.773326,9.996699,ok,1674.210938,SPINEL,1.280987
CMP-d803ddc98dce1bbd,32.792088,26.336500,9.194758,14.389480,17.287174,above_range,,MONOXIDE,1.245119
CMP-97d6551ebda61f27,33.635747,29.382639,14.557955,2.455674,19.967985,ok,1594.367188,MELILITE,1.144749
CMP-7bcd281de9f0a752,40.154220,29.884834,11.788746,0.693848,17.478352,ok,1633.742188,CA2SIO4,1.343632
CMP-75813c34c0592d20,41.750715,31.824866,8.674340,7.060709,10.689370,ok,1681.320312,CA2SIO4,1.311890
CMP-17ccc90087e1b0f1,33.528241,23.257273,17.832724,13.037607,12.344155,ok,1743.117188,SPINEL,1.441624
CMP-02b9dd0a8dd300ed,34.265642,24.338993,19.255877,11.118505,11.020985,ok,1773.742188,SPINEL,1.407850
CMP-542ffc28bedf5c60,27.534338,26.971009,20.249245,14.057852,11.187555,above_range,,SPINEL,1.020886
CMP-b06db58efd66164e,37.646419,27.203390,12.853908,3.703507,18.592775,ok,1621.710938,CA2SIO4,1.383887
CMP-6a4c5c3890212813,36.882880,24.980327,8.475419,10.906819,18.754555,above_range,,MONOXIDE,1.476477
CMP-013f75837ecf469f,28.994177,20.296988,20.050397,13.471583,17.186854,ok,1773.195312,SPINEL,1.428496
CMP-86ad8f6fb0836d0d,35.868650,28.463586,10.707949,8.796392,16.163423,ok,1623.351562,MERWINITE,1.260159
CMP-84c61f3a6963c4b4,39.139715,26.145722,14.327491,11.586432,8.800640,ok,1672.570312,CA2SIO4,1.496984
CMP-70f232bdb5ee491c,38.711734,30.421143,14.000567,11.272593,5.593963,ok,1709.757812,SPINEL,1.272527
CMP-4dd8c0a931dd7d0d,27.307619,23.123836,18.149542,12.234666,19.184337,ok,1765.539062,SPINEL,1.180929
CMP-540dfd4b8ea3e1f6,26.732380,20.157892,22.886505,12.408194,17.815029,above_range,,SPINEL,1.326150
CMP-4c720c8695c57a25,30.526494,28.545548,21.060133,9.357574,10.510250,ok,1799.992188,SPINEL,1.069396
CMP-0e00a57381359569,42.599639,40.250811,10.419691,1.254591,5.475268,ok,1558.820312,OTHER,1.058355
CMP-32cec25c4de8e24c,33.260141,30.327105,20.562997,2.019319,13.830438,ok,1655.070312,MELILITE,1.096713
CMP-ed127ab2d536667b,39.253453,30.257705,8.882639,5.899030,15.707172,ok,1649.601562,CA2SIO4,1.297304
CMP-2133af85e538ea00,43.826863,32.322599,13.032726,4.456743,6.361069,ok,1686.242188,MELILITE,1.355920
CMP-92b15505a003de8a,41.651946,28.005625,16.830260,5.554334,7.957834,ok,1711.398438,MELILITE,1.487271
CMP-440132f40fb5fb38,33.120351,25.405180,20.755387,5.722681,14.996402,ok,1740.382812,SPINEL,1.303685
CMP-bf1f430e71eb307b,35.400650,31.138883,10.032684,13.762966,9.664817,ok,1649.601562,MERWINITE,1.136863
